Acura,Integra
Acura,Legend
Acura,NSX
Acura,SLX
Audi,100
Audi,200
Audi,80
Audi,90
Audi,A3
Audi,A8
Audi,allroad quattro
Audi,Cabriolet
Audi,Coupe
Audi,Q7
Audi,V8
BMW,3 Series
BMW,5 Series
BMW,7 Series
BMW,8 Series
BMW,i3
BMW,X3
BMW,X5
BMW,Z3
Buick,Century
Buick,Enclave
Buick,Encore
Buick,Estate Wagon
Buick,LaCrosse
Buick,Park Avenue
Buick,Rainier
Buick,Rendezvous
Buick,Riviera
Buick,Skylark
Buick,Verano
Cadillac,Allante
Cadillac,ATS
Cadillac,ATS Coupe
Cadillac,Brougham
Cadillac,Catera
Cadillac,CT6
Cadillac,CTS
Cadillac,CTS Coupe
Cadillac,CTS Wagon
Cadillac,DeVille
Cadillac,DTS
Cadillac,Eldorado
Cadillac,Fleetwood
Cadillac,Seville
Cadillac,Sixty Special
Cadillac,SRX
Cadillac,STS
Cadillac,XTS
Chevrolet,Astro
Chevrolet,Astro Cargo
Chevrolet,Beretta
Chevrolet,Blazer
Chevrolet,Camaro
Chevrolet,Caprice
Chevrolet,Celebrity
Chevrolet,C/K 1500 Series
Chevrolet,Classic
Chevrolet,Cobalt
Chevrolet,Colorado
Chevrolet,Corsica
Chevrolet,Cruze
Chevrolet,Cruze Limited
Chevrolet,Equinox
Chevrolet,Express Cargo
Chevrolet,Lumina
Chevrolet,Malibu
Chevrolet,Malibu Classic
Chevrolet,Malibu Hybrid
Chevrolet,Malibu Maxx
Chevrolet,Metro
Chevrolet,Monte Carlo
Chevrolet,S-10
Chevrolet,S-10 Blazer
Chevrolet,Silverado 1500 Classic
Chevrolet,Sonic
Chevrolet,Spark
Chevrolet,SSR
Chevrolet,Tahoe Hybrid
Chevrolet,Tahoe Limited/Z71
Chevrolet,Tracker
Chevrolet,TrailBlazer
Chevrolet,Traverse
Chevrolet,Uplander
Chevrolet,Venture
Chrysler,300
Chrysler,300M
Chrysler,Aspen
Chrysler,Cirrus
Chrysler,Concorde
Chrysler,Grand Voyager
Chrysler,Imperial
Chrysler,Le Baron
Chrysler,LHS
Chrysler,New Yorker
Chrysler,Pacifica
Chrysler,PT Cruiser
Chrysler,Sebring
Chrysler,TC
Chrysler,Voyager
Dodge,Caliber
Dodge,Caravan
Dodge,Colt
Dodge,Dakota
Dodge,Dart
Dodge,Daytona
Dodge,Durango
Dodge,Dynasty
Dodge,Intrepid
Dodge,Journey
Dodge,Magnum
Dodge,Nitro
Dodge,Omni
Dodge,RAM 150
Dodge,RAM 250
Dodge,Ram 50 Pickup
Dodge,Ram Cargo
Dodge,Ram Pickup 1500
Dodge,Ram Van
Dodge,Ram Wagon
Dodge,Spirit
Dodge,Stealth
Dodge,Stratus
FIAT,500e
FIAT,500X
Ford,Aerostar
Ford,Bronco
Ford,Bronco II
Ford,Contour
Ford,Contour SVT
Ford,E-150
Ford,Edge
Ford,Escape
Ford,Escort
Ford,Expedition
Ford,Explorer
Ford,Explorer Sport
Ford,Explorer Sport Trac
Ford,F-150
Ford,F-150 SVT Lightning
Ford,F-250
Ford,Fiesta
Ford,Five Hundred
Ford,Flex
Ford,Focus
Ford,Freestyle
Ford,Fusion
Ford,Mustang
Ford,Probe
Ford,Ranger
Ford,Taurus X
Ford,Tempo
Ford,Windstar Cargo
Genesis,G80
GMC,Acadia
GMC,Acadia Limited
GMC,Canyon
GMC,Envoy
GMC,Envoy XL
GMC,Jimmy
GMC,S-15
GMC,S-15 Jimmy
GMC,Safari
GMC,Safari Cargo
GMC,Savana Cargo
GMC,Sierra 1500 Classic
GMC,Sierra 1500HD
GMC,Sierra C3
GMC,Sonoma
GMC,Suburban
GMC,Syclone
GMC,Terrain
GMC,Typhoon
GMC,Vandura
GMC,Yukon Denali
Honda,Accord
Honda,Accord Crosstour
Honda,Accord Plug-In Hybrid
Honda,Civic
Honda,Civic CRX
Honda,Civic del Sol
Honda,Crosstour
Honda,CR-Z
Honda,Element
Honda,Fit
Honda,Fit EV
Honda,HR-V
Honda,Passport
HUMMER,H3
HUMMER,H3T
Hyundai,Accent
Hyundai,Elantra
Hyundai,Elantra Coupe
Hyundai,Elantra GT
Hyundai,Genesis
Hyundai,Santa Fe
Hyundai,Santa Fe Sport
Hyundai,Scoupe
Hyundai,Sonata
Hyundai,Tiburon
Hyundai,Tucson
Hyundai,Veloster
Infiniti,G20
Infiniti,G35
Infiniti,I30
Infiniti,I35
Infiniti,J30
Infiniti,M30
Infiniti,Q45
Kia,Amanti
Kia,Borrego
Kia,Forte
Kia,Optima
Kia,Rio
Kia,Rondo
Kia,Sorento
Kia,Soul
Kia,Spectra
Kia,Sportage
Land Rover,Defender
Land Rover,Discovery Series II
Lexus,CT 200h
Lexus,ES 250
Lexus,ES 300
Lexus,ES 300h
Lexus,ES 330
Lexus,ES 350
Lexus,GS 400
Lexus,GX 470
Lexus,LS 400
Lexus,LX 450
Lexus,LX 470
Lexus,NX 300h
Lexus,RX 300
Lexus,RX 330
Lexus,RX 350
Lexus,RX 400h
Lexus,SC 300
Lexus,SC 400
Lincoln,Continental
Lincoln,LS
Lincoln,Mark LT
Lincoln,Mark VIII
Lincoln,MKS
Lincoln,MKT
Lincoln,MKX
Lincoln,MKZ Hybrid
Lincoln,Zephyr
Mazda,3
Mazda,323
Mazda,5
Mazda,6
Mazda,626
Mazda,929
Mazda,B-Series
Mazda,B-Series Pickup
Mazda,B-Series Truck
Mazda,CX-3
Mazda,CX-5
Mazda,CX-7
Mazda,CX-9
Mazda,Millenia
Mazda,MX-3
Mazda,MX-6
Mazda,Protege
Mazda,Protege5
Mazda,RX-7
Mazda,Tribute
Mazda,Truck
Mercedes-Benz,190-Class
Mercedes-Benz,300-Class
Mercedes-Benz,400-Class
Mercedes-Benz,420-Class
Mercedes-Benz,500-Class
Mercedes-Benz,600-Class
Mercedes-Benz,B-Class Electric Drive
Mercedes-Benz,C36 AMG
Mercedes-Benz,C43 AMG
Mercedes-Benz,E55 AMG
Mercedes-Benz,GL-Class
Mercedes-Benz,GLE-Class
Mercedes-Benz,GLK-Class
Mercedes-Benz,M-Class
Mercedes-Benz,ML55 AMG
Mercedes-Benz,R-Class
Mitsubishi,3000GT
Mitsubishi,Eclipse
Mitsubishi,Eclipse Spyder
Mitsubishi,Expo
Mitsubishi,i-MiEV
Mitsubishi,Lancer
Mitsubishi,Lancer Sportback
Mitsubishi,Mighty Max Pickup
Mitsubishi,Mirage G4
Mitsubishi,Montero
Mitsubishi,Outlander
Mitsubishi,Outlander Sport
Mitsubishi,Precis
Mitsubishi,Raider
Mitsubishi,Sigma
Nissan,200SX
Nissan,300ZX
Nissan,350Z
Nissan,Altima
Nissan,Altima Hybrid
Nissan,Armada
Nissan,Axxess
Nissan,Cube
Nissan,Frontier
Nissan,NX
Nissan,Pathfinder
Nissan,Pulsar
Nissan,Rogue
Nissan,Rogue Select
Nissan,Sentra
Nissan,Stanza
Nissan,Titan
Nissan,Van
Nissan,Versa
Nissan,Versa Note
Nissan,Xterra
Oldsmobile,Achieva
Oldsmobile,Alero
Oldsmobile,Aurora
Oldsmobile,Bravada
Oldsmobile,Ciera
Oldsmobile,Custom Cruiser
Oldsmobile,Cutlass Ciera
Oldsmobile,Eighty-Eight Royale
Oldsmobile,LSS
Oldsmobile,Ninety-Eight
Oldsmobile,Regency
Oldsmobile,Silhouette
Plymouth,Acclaim
Plymouth,Breeze
Plymouth,Horizon
Plymouth,Laser
Plymouth,Neon
Plymouth,Prowler
Pontiac,6000
Pontiac,Aztek
Pontiac,Firebird
Pontiac,G3
Pontiac,G5
Pontiac,G6
Pontiac,G8
Pontiac,Grand Am
Pontiac,Grand Prix
Pontiac,Montana
Pontiac,Montana SV6
Pontiac,Solstice
Pontiac,Sunbird
Pontiac,Sunfire
Pontiac,Torrent
Pontiac,Trans Sport
Pontiac,Vibe
Porsche,928
Porsche,Cayenne
Saab,9000
Saab,900
Saab,9-2X
Saab,9-7X
Scion,iA
Scion,iM
Scion,iQ
Scion,tC
Scion,xA
Scion,xB
Scion,xD
Subaru,Baja
Subaru,Forester
Subaru,Impreza
Subaru,Justy
Subaru,Legacy
Subaru,Loyale
Subaru,Outback
Subaru,Tribeca
Subaru,XT
Subaru,XV Crosstrek
Suzuki,Aerio
Suzuki,Equator
Suzuki,Esteem
Suzuki,Forenza
Suzuki,Grand Vitara
Suzuki,Kizashi
Suzuki,Reno
Suzuki,Samurai
Suzuki,Sidekick
Suzuki,Swift
Suzuki,SX4
Suzuki,Vitara
Suzuki,X-90
Suzuki,XL-7
Suzuki,XL7
Tesla,Model S
Toyota,4Runner
Toyota,Camry
Toyota,Camry Solara
Toyota,Celica
Toyota,Corolla
Toyota,Corolla iM
Toyota,Cressida
Toyota,FJ Cruiser
Toyota,Highlander
Toyota,Land Cruiser
Toyota,Matrix
Toyota,MR2
Toyota,MR2 Spyder
Toyota,Paseo
Toyota,Pickup
Toyota,RAV4
Toyota,RAV4 EV
Toyota,Sequoia
Toyota,Sienna
Toyota,Supra
Toyota,T100
Toyota,Tacoma
Toyota,Tercel
Toyota,Venza
Toyota,Yaris
Toyota,Yaris iA
Volkswagen,Cabrio
Volkswagen,Corrado
Volkswagen,Golf
Volkswagen,Golf SportWagen
Volkswagen,Jetta
Volkswagen,Jetta SportWagen
Volkswagen,New Beetle
Volkswagen,Passat
Volkswagen,Rabbit
Volkswagen,Routan
Volkswagen,Touareg
Volkswagen,Touareg 2
Volkswagen,Vanagon
Volvo,240
Volvo,740
Volvo,760
Volvo,780
Volvo,940
Volvo,C70
Volvo,S60
Volvo,S60 Cross Country
Volvo,S70
Volvo,S80
Volvo,S90
Volvo,V60
Volvo,V90
Volvo,XC60
Volvo,XC70
