Betty,Edmonds,BettyJEdmonds@dayrep.com,1-512-9680-603,Austin,Short Street,689,78741,4716 8189 6110 7838
Nancy,Laskey,NancyALaskey@teleworm.us,1-402-887-6426,Neligh,Bungalow Road,540,68756,4556 9590 5283 5565
Elizabeth,Haney,ElizabethTHaney@jourrapide.com,1-213-345-2703,Los Angeles,Brannon Street,379,90026,4556 9590 5283 5565
Joseph,McDaniel,JosephKMcDaniel@teleworm.us,1-727-328-1729,Skyway,Frank Avenue,887,01201,5103 5573 5148 8204
Lisa,Hall,LisaRHall@armyspy.com,1-610-735-8984,Philadelphia,Lyndon Street,3102,19103,4539 5353 8546 9843
Ryan,Clingman,RyanKClingman@teleworm.us,1-609-284-1012,Camden,Dark Hollow Road,486,84104,4485 0567 7890 7178
Hilma,Pena,HilmaPPena@jourrapide.com,1-740-243-3030,Columbus,Wayside Lane,2608,94538,4916 3093 2282 1869
Allison,Rawlings,AllisonJRawlings@armyspy.com,1-323-265-9011,O Fallon,College View,3856,62269,5113 7140 4722 1865
Louis,Munoz,LouisDMunoz@dayrep.com,1-423-404-9820,Memphis,Pool Street,498,38118,5501 7143 0391 0292
Ethel,Munoz,EthelDMunoz@jourrapide.com,1-424-484-2120,Memphis,Pool Street,498,38118,5378 2677 6250 6960
William,Edmonds,WilliamJEdmonds@dayrep.com,1-123-875-357,Austin,Short Street,689,78741,4929 4987 8288 8115
